﻿<?xml version="1.0" encoding="utf-8"?>
<!DOCTYPE yml_catalog SYSTEM "shops.dtd">
<yml_catalog date="2017-12-28 07:46">
  <shop>
    <name>OZON.ru</name>
    <company>ООО "Интернет Решения"</company>
    <url>https://www.ozon.ru/</url>
    <currencies>
      <currency id="RUR" rate="1" />
    </currencies>
    <categories>
      <category id="1179520">Перчатки</category>
    </categories>
    <offers>
      <offer id="29815430" available="true" group_id="33699327">
        <url>https://www.ozon.ru/context/detail/id/29815430/?from=prt_xml_facet</url>
        <price>69</price>
        <currencyId>RUR</currencyId>
        <categoryId>1179520</categoryId>
        <picture>https://mmedia.ozone.ru/multimedia/1010973248.jpg</picture>
        <store>false</store>
        <pickup>true</pickup>
        <delivery>true</delivery>
        <local_delivery_cost>299</local_delivery_cost>
        <name>Рукавицы специальные "Сибртех", утепленные, цвет: черный. Размер 2</name>
        <vendor>Сибртех</vendor>
        <vendorCode>68155</vendorCode>
        <description>Рукавицы "Сибртех" предназначены для выполнения строительных и сельскохозяйственных работ. Защищают кожу рук от бытовых загрязнений и натираний. Благодаря наличию двойной подкладки из ватина могут использоваться и в зимнее время года. Рукавицы обеспечивают свободный воздухообмен благодаря натуральной хлопчатобумажной основе. Имеют длительный срок эксплуатации.</description>
        <sales_notes>Быстрая доставка по России. 20 способов оплаты</sales_notes>
        <manufacturer_warranty>false</manufacturer_warranty>
        <country_of_origin>Россия</country_of_origin>
        <barcode>4606800023360</barcode>
        <weight>0.130</weight>
        <dimensions>27.000/14.000/4.000</dimensions>
        <param name="Вес" unit="г">130</param>
        <param name="Ширина упаковки" unit="мм">140</param>
        <param name="Высота упаковки" unit="мм">40</param>
        <param name="Глубина упаковки" unit="мм">270</param>
        <param name="Тип">Ручной инструмент, оборудование и аксессуары,Рукавицы защитные</param>
        <param name="Материал">Хлопчатобумажная ткань</param>
        <param name="Размер">Безразмерные</param>
        <param name="Назначение">Хозяйственная работа</param>
        <param name="Особенности">Для низких температур</param>
        <param name="Цвет">черный</param>
        <param name="Производитель">ИП Айрапетян</param>
      </offer>
      <offer id="139183012" available="true" group_id="33699327">
        <url>https://www.ozon.ru/context/detail/id/139183012/?from=prt_xml_facet</url>
        <price>79</price>
        <currencyId>RUR</currencyId>
        <categoryId>1179520</categoryId>
        <picture>https://mmedia.ozone.ru/multimedia/1016885328.jpg</picture>
        <store>false</store>
        <pickup>true</pickup>
        <delivery>true</delivery>
        <local_delivery_cost>299</local_delivery_cost>
        <name>Рукавицы специальные "Сибртех", утепленные, цвет: белый. Размер 2</name>
        <vendor>Сибртех</vendor>
        <vendorCode>68155_белый</vendorCode>
        <description>Рукавицы "Сибртех" предназначены для выполнения строительных и сельскохозяйственных работ. Защищают кожу рук от бытовых загрязнений и натираний. Благодаря наличию двойной подкладки из ватина могут использоваться и в зимнее время года. Рукавицы обеспечивают свободный воздухообмен благодаря натуральной хлопчатобумажной основе. Имеют длительный срок эксплуатации.</description>
        <sales_notes>Быстрая доставка по России. 20 способов оплаты</sales_notes>
        <manufacturer_warranty>false</manufacturer_warranty>
        <country_of_origin>Россия</country_of_origin>
        <barcode>4606800023360</barcode>
        <weight>0.075</weight>
        <dimensions>28.000/15.000/4.000</dimensions>
        <param name="Вес" unit="г">75</param>
        <param name="Ширина упаковки" unit="мм">150</param>
        <param name="Высота упаковки" unit="мм">40</param>
        <param name="Глубина упаковки" unit="мм">280</param>
        <param name="Тип">Ручной инструмент, оборудование и аксессуары,Рукавицы защитные</param>
        <param name="Упаковка">Пакет</param>
        <param name="Комплектация">2 перчатки</param>
        <param name="Материал">Хлопчатобумажная ткань</param>
        <param name="Размер">Безразмерные</param>
        <param name="Назначение">Хозяйственная работа</param>
        <param name="Особенности">Для низких температур</param>
        <param name="Цвет">белый</param>
      </offer>
    </offers>
  </shop>
</yml_catalog>